<?xml version="1.0" encoding="UTF-8"?>
<project-private xmlns="http://www.netbeans.org/ns/project-private/1">
    <editor-bookmarks xmlns="http://www.netbeans.org/ns/editor-bookmarks/2" lastBookmarkId="0"/>
    <open-files xmlns="http://www.netbeans.org/ns/projectui-open-files/2">
        <group>
            <file>file:/Users/noorishhassan/Documents/university/semester%207/SE/LibraryManagementSystem/src/LibraryManagementSystem/AddMember.java</file>
            <file>file:/Users/noorishhassan/Documents/university/semester%207/SE/LibraryManagementSystem/src/LibraryManagementSystem/Login.java</file>
            <file>file:/Users/noorishhassan/Documents/university/semester%207/SE/LibraryManagementSystem/src/LibraryManagementSystem/SetupPassword.java</file>
            <file>file:/Users/noorishhassan/Documents/university/semester%207/SE/LibraryManagementSystem/src/LibraryManagementSystem/Home.java</file>
            <file>file:/Users/noorishhassan/Documents/university/semester%207/SE/LibraryManagementSystem/src/LibraryManagementSystem/ReturnBook.java</file>
            <file>file:/Users/noorishhassan/Documents/university/semester%207/SE/LibraryManagementSystem/src/LibraryManagementSystem/IssueBook.java</file>
            <file>file:/Users/noorishhassan/Documents/university/semester%207/SE/LibraryManagementSystem/src/LibraryManagementSystem/AddBook.java</file>
            <file>file:/Users/noorishhassan/Documents/university/semester%207/SE/LibraryManagementSystem/src/LibraryManagementSystem/AddBook.png</file>
            <file>file:/Users/noorishhassan/Documents/university/semester%207/SE/LibraryManagementSystem/src/LibraryManagementSystem/db.java</file>
        </group>
    </open-files>
</project-private>
